countrycode,coveragetype,year,datatype,comparability
AGO,National,2000,Consumption,0
AGO,National,2008,Consumption,1
ALB,National,1996,Consumption,0
ALB,National,2002,Consumption,1
ALB,National,2005,Consumption,1
ALB,National,2008,Consumption,1
ALB,National,2012,Consumption,1
ARG,Urban,1980,Income,0
ARG,Urban,1986,Income,0
ARG,Urban,1987,Income,0
ARG,Urban,1991,Income,1
ARG,Urban,1992,Income,1
ARG,Urban,1993,Income,1
ARG,Urban,1994,Income,1
ARG,Urban,1995,Income,1
ARG,Urban,1996,Income,1
ARG,Urban,1997,Income,1
ARG,Urban,1998,Income,1
ARG,Urban,1999,Income,1
ARG,Urban,2000,Income,1
ARG,Urban,2001,Income,1
ARG,Urban,2002,Income,1
ARG,Urban,2003,Income,2
ARG,Urban,2004,Income,2
ARG,Urban,2005,Income,2
ARG,Urban,2006,Income,2
ARG,Urban,2007,Income,2
ARG,Urban,2008,Income,2
ARG,Urban,2009,Income,2
ARG,Urban,2010,Income,2
ARG,Urban,2011,Income,2
ARG,Urban,2012,Income,2
ARG,Urban,2013,Income,2
ARG,Urban,2014,Income,2
ARG,Urban,2016,Income,2
ARG,Urban,2017,Income,2
ARM,National,1996,Income,0
ARM,National,1999,Consumption,1
ARM,National,2001,Consumption,1
ARM,National,2002,Consumption,1
ARM,National,2003,Consumption,1
ARM,National,2004,Consumption,1
ARM,National,2005,Consumption,1
ARM,National,2006,Consumption,1
ARM,National,2007,Consumption,1
ARM,National,2008,Consumption,1
ARM,National,2009,Consumption,1
ARM,National,2010,Consumption,1
ARM,National,2011,Consumption,1
ARM,National,2012,Consumption,1
ARM,National,2013,Consumption,1
ARM,National,2014,Consumption,1
ARM,National,2015,Consumption,1
ARM,National,2016,Consumption,1
ARM,National,2017,Consumption,1
AUS,National,1981,Income,0
AUS,National,1985,Income,0
AUS,National,1989,Income,0
AUS,National,1995,Income,0
AUS,National,2001,Income,0
AUS,National,2003,Income,0
AUS,National,2004,Income,0
AUS,National,2008,Income,0
AUS,National,2010,Income,0
AUS,National,2014,Income,0
AUT,National,2003,Income,0
AUT,National,2004,Income,0
AUT,National,2005,Income,0
AUT,National,2006,Income,0
AUT,National,2007,Income,0
AUT,National,2008,Income,0
AUT,National,2009,Income,0
AUT,National,2010,Income,0
AUT,National,2011,Income,0
AUT,National,2012,Income,0
AUT,National,2013,Income,0
AUT,National,2014,Income,0
AUT,National,2015,Income,0
AZE,National,1995,Consumption,0
AZE,National,2001,Consumption,1
AZE,National,2002,Consumption,1
AZE,National,2003,Consumption,1
AZE,National,2004,Consumption,1
AZE,National,2005,Consumption,1
BDI,National,1992,Consumption,0
BDI,National,1998,Consumption,1
BDI,National,2006,Consumption,1
BDI,National,2013,Consumption,1
BEL,National,2003,Income,0
BEL,National,2004,Income,0
BEL,National,2005,Income,0
BEL,National,2006,Income,0
BEL,National,2007,Income,0
BEL,National,2008,Income,0
BEL,National,2009,Income,0
BEL,National,2010,Income,0
BEL,National,2011,Income,0
BEL,National,2012,Income,0
BEL,National,2013,Income,0
BEL,National,2014,Income,0
BEL,National,2015,Income,0
BEN,National,2003,Consumption,0
BEN,National,2011,Consumption,1
BEN,National,2015,Consumption,1
BFA,National,1994,Consumption,0
BFA,National,1998,Consumption,1
BFA,National,2003,Consumption,1
BFA,National,2009,Consumption,2
BFA,National,2014,Consumption,3
BGD,National,1983,Consumption,0
BGD,National,1985,Consumption,0
BGD,National,1988,Consumption,0
BGD,National,1991,Consumption,1
BGD,National,1995,Consumption,1
BGD,National,2000,Consumption,2
BGD,National,2005,Consumption,2
BGD,National,2010,Consumption,2
BGD,National,2016,Consumption,2
BGR,National,1989,Consumption,0
BGR,National,1992,Income,1
BGR,National,1994,Consumption,0
BGR,National,1995,Consumption,3
BGR,National,1997,Consumption,2
BGR,National,2001,Consumption,3
BGR,National,2003,Consumption,4
BGR,National,2006,Income,5
BGR,National,2007,Consumption,4
BGR,National,2007,Income,5
BGR,National,2008,Income,5
BGR,National,2009,Income,5
BGR,National,2010,Income,5
BGR,National,2011,Income,5
BGR,National,2012,Income,5
BGR,National,2013,Income,5
BGR,National,2014,Income,5
BIH,National,2001,Consumption,0
BIH,National,2004,Consumption,0
BIH,National,2007,Consumption,1
BIH,National,2011,Consumption,1
BLR,National,1993,Income,0
BLR,National,1995,Income,0
BLR,National,1998,Consumption,1
BLR,National,1999,Consumption,1
BLR,National,2000,Consumption,1
BLR,National,2001,Consumption,1
BLR,National,2002,Consumption,1
BLR,National,2003,Consumption,1
BLR,National,2004,Consumption,1
BLR,National,2005,Consumption,1
BLR,National,2006,Consumption,1
BLR,National,2007,Consumption,1
BLR,National,2008,Consumption,1
BLR,National,2009,Consumption,1
BLR,National,2010,Consumption,1
BLR,National,2011,Consumption,1
BLR,National,2012,Consumption,1
BLR,National,2013,Consumption,1
BLR,National,2014,Consumption,1
BLR,National,2015,Consumption,1
BLR,National,2016,Consumption,1
BLR,National,2017,Consumption,1
BLZ,National,1993,Income,0
BLZ,National,1994,Income,0
BLZ,National,1995,Consumption,1
BLZ,National,1996,Income,2
BLZ,National,1997,Income,0
BLZ,National,1998,Income,0
BLZ,National,1999,Income,0
BOL,National,1990,Income,0
BOL,Urban,1992,Income,0
BOL,National,1997,Income,1
BOL,National,1999,Income,2
BOL,National,2000,Income,2
BOL,National,2001,Income,3
BOL,National,2002,Income,4
BOL,National,2004,Income,4
BOL,National,2005,Income,4
BOL,National,2006,Income,4
BOL,National,2007,Income,4
BOL,National,2008,Income,4
BOL,National,2009,Income,4
BOL,National,2011,Income,4
BOL,National,2012,Income,4
BOL,National,2013,Income,4
BOL,National,2014,Income,4
BOL,National,2015,Income,4
BOL,National,2016,Income,4
BOL,National,2017,Income,4
BRA,National,1981,Income,0
BRA,National,1982,Income,0
BRA,National,1983,Income,0
BRA,National,1984,Income,0
BRA,National,1985,Income,0
BRA,National,1986,Income,0
BRA,National,1987,Income,0
BRA,National,1988,Income,0
BRA,National,1989,Income,0
BRA,National,1990,Income,0
BRA,National,1992,Income,0
BRA,National,1993,Income,0
BRA,National,1995,Income,0
BRA,National,1996,Income,0
BRA,National,1997,Income,0
BRA,National,1998,Income,0
BRA,National,1999,Income,0
BRA,National,2001,Income,0
BRA,National,2002,Income,0
BRA,National,2003,Income,0
BRA,National,2004,Income,0
BRA,National,2005,Income,0
BRA,National,2006,Income,0
BRA,National,2007,Income,0
BRA,National,2008,Income,0
BRA,National,2009,Income,0
BRA,National,2011,Income,0
BRA,National,2012,Income,0
BRA,National,2013,Income,0
BRA,National,2014,Income,0
BRA,National,2015,Income,0
BRA,National,2016,Income,1
BRA,National,2017,Income,1
BTN,National,2003,Consumption,0
BTN,National,2007,Consumption,1
BTN,National,2012,Consumption,1
BTN,National,2017,Consumption,1
BWA,National,1985,Consumption,0
BWA,National,1993,Consumption,0
BWA,National,2002,Consumption,1
BWA,National,2009,Consumption,1
BWA,National,2015,Consumption,1
CAF,National,1992,Consumption,0
CAF,National,2003,Consumption,1
CAF,National,2008,Consumption,2
CAN,National,1981,Income,0
CAN,National,1987,Income,0
CAN,National,1991,Income,0
CAN,National,1994,Income,0
CAN,National,1997,Income,0
CAN,National,1998,Income,1
CAN,National,2000,Income,1
CAN,National,2004,Income,1
CAN,National,2007,Income,1
CAN,National,2010,Income,1
CAN,National,2013,Income,1
CHE,National,2006,Income,0
CHE,National,2007,Income,0
CHE,National,2008,Income,0
CHE,National,2009,Income,0
CHE,National,2010,Income,0
CHE,National,2011,Income,0
CHE,National,2012,Income,0
CHE,National,2013,Income,0
CHE,National,2014,Income,0
CHE,National,2015,Income,0
CHL,National,1987,Income,0
CHL,National,1990,Income,0
CHL,National,1992,Income,0
CHL,National,1994,Income,0
CHL,National,1996,Income,0
CHL,National,1998,Income,0
CHL,National,2000,Income,0
CHL,National,2003,Income,0
CHL,National,2006,Income,0
CHL,National,2009,Income,0
CHL,National,2011,Income,0
CHL,National,2013,Income,0
CHL,National,2015,Income,0
CHL,National,2017,Income,0
CHN,Rural,1981,Income,0
CHN,Urban,1981,Income,0
CHN,National (Aggregate),1981,Income,0
CHN,Rural,1984,Income,0
CHN,Urban,1984,Income,0
CHN,National (Aggregate),1984,Income,0
CHN,Rural,1987,Income,0
CHN,Urban,1987,Income,0
CHN,National (Aggregate),1987,Income,0
CHN,Rural,1990,Consumption,1
CHN,Urban,1990,Consumption,1
CHN,National (Aggregate),1990,Consumption,1
CHN,Rural,1993,Consumption,1
CHN,Urban,1993,Consumption,1
CHN,National (Aggregate),1993,Consumption,1
CHN,Rural,1996,Consumption,1
CHN,Urban,1996,Consumption,1
CHN,National (Aggregate),1996,Consumption,1
CHN,Rural,1999,Consumption,1
CHN,Urban,1999,Consumption,1
CHN,National (Aggregate),1999,Consumption,1
CHN,Rural,2002,Consumption,1
CHN,Urban,2002,Consumption,1
CHN,National (Aggregate),2002,Consumption,1
CHN,Rural,2005,Consumption,1
CHN,Urban,2005,Consumption,1
CHN,National (Aggregate),2005,Consumption,1
CHN,Rural,2008,Consumption,1
CHN,Urban,2008,Consumption,1
CHN,National (Aggregate),2008,Consumption,1
CHN,Rural,2010,Consumption,1
CHN,Urban,2010,Consumption,1
CHN,National (Aggregate),2010,Consumption,1
CHN,Rural,2011,Consumption,1
CHN,Urban,2011,Consumption,1
CHN,National (Aggregate),2011,Consumption,1
CHN,Rural,2012,Consumption,1
CHN,Urban,2012,Consumption,1
CHN,National (Aggregate),2012,Consumption,1
CHN,Rural,2013,Consumption,2
CHN,Urban,2013,Consumption,2
CHN,National (Aggregate),2013,Consumption,2
CHN,Rural,2014,Consumption,2
CHN,Urban,2014,Consumption,2
CHN,National (Aggregate),2014,Consumption,2
CHN,Rural,2015,Consumption,2
CHN,Urban,2015,Consumption,2
CHN,National (Aggregate),2015,Consumption,2
CIV,National,1985,Consumption,0
CIV,National,1986,Consumption,0
CIV,National,1987,Consumption,0
CIV,National,1988,Consumption,0
CIV,National,1992,Consumption,1
CIV,National,1995,Consumption,1
CIV,National,1998,Consumption,1
CIV,National,2002,Consumption,2
CIV,National,2008,Consumption,2
CIV,National,2015,Consumption,2
CMR,National,1996,Consumption,0
CMR,National,2001,Consumption,1
CMR,National,2007,Consumption,1
CMR,National,2014,Consumption,1
COD,National,2004,Consumption,0
COD,National,2012,Consumption,0
COG,National,2005,Consumption,0
COG,National,2011,Consumption,0
COL,Urban,1980,Income,0
COL,Urban,1988,Income,1
COL,Urban,1989,Income,1
COL,Urban,1991,Income,1
COL,National,1992,Income,1
COL,National,1996,Income,1
COL,National,1999,Income,1
COL,National,2000,Income,1
COL,National,2001,Income,2
COL,National,2002,Income,2
COL,National,2003,Income,2
COL,National,2004,Income,2
COL,National,2005,Income,2
COL,National,2008,Income,3
COL,National,2009,Income,3
COL,National,2010,Income,3
COL,National,2011,Income,3
COL,National,2012,Income,3
COL,National,2013,Income,3
COL,National,2014,Income,3
COL,National,2015,Income,3
COL,National,2016,Income,3
COL,National,2017,Income,3
COM,National,2004,Consumption,0
COM,National,2013,Consumption,1
CPV,National,2001,Consumption,0
CPV,National,2007,Consumption,1
CRI,National,1981,Income,0
CRI,National,1986,Income,0
CRI,National,1989,Income,1
CRI,National,1990,Income,1
CRI,National,1991,Income,1
CRI,National,1992,Income,1
CRI,National,1993,Income,1
CRI,National,1994,Income,1
CRI,National,1995,Income,1
CRI,National,1996,Income,1
CRI,National,1997,Income,1
CRI,National,1998,Income,1
CRI,National,1999,Income,1
CRI,National,2000,Income,1
CRI,National,2001,Income,1
CRI,National,2002,Income,1
CRI,National,2003,Income,1
CRI,National,2004,Income,1
CRI,National,2005,Income,1
CRI,National,2006,Income,1
CRI,National,2007,Income,1
CRI,National,2008,Income,1
CRI,National,2009,Income,1
CRI,National,2010,Income,2
CRI,National,2011,Income,2
CRI,National,2012,Income,2
CRI,National,2013,Income,2
CRI,National,2014,Income,2
CRI,National,2015,Income,2
CRI,National,2016,Income,2
CRI,National,2017,Income,2
CYP,National,2004,Income,0
CYP,National,2005,Income,0
CYP,National,2006,Income,0
CYP,National,2007,Income,0
CYP,National,2008,Income,0
CYP,National,2009,Income,0
CYP,National,2010,Income,0
CYP,National,2011,Income,0
CYP,National,2012,Income,0
CYP,National,2013,Income,0
CYP,National,2014,Income,0
CYP,National,2015,Income,0
CZE,National,1993,Income,0
CZE,National,1996,Income,0
CZE,National,2004,Income,1
CZE,National,2005,Income,1
CZE,National,2006,Income,1
CZE,National,2007,Income,1
CZE,National,2008,Income,1
CZE,National,2009,Income,1
CZE,National,2010,Income,1
CZE,National,2011,Income,1
CZE,National,2012,Income,1
CZE,National,2013,Income,1
CZE,National,2014,Income,1
CZE,National,2015,Income,1
DEU,National,1991,Income,0
DEU,National,1994,Income,0
DEU,National,1995,Income,0
DEU,National,1998,Income,0
DEU,National,2000,Income,0
DEU,National,2001,Income,0
DEU,National,2002,Income,0
DEU,National,2003,Income,0
DEU,National,2004,Income,0
DEU,National,2005,Income,0
DEU,National,2006,Income,0
DEU,National,2007,Income,0
DEU,National,2008,Income,0
DEU,National,2009,Income,0
DEU,National,2010,Income,0
DEU,National,2011,Income,0
DEU,National,2013,Income,0
DEU,National,2015,Income,0
DJI,National,2002,Consumption,0
DJI,National,2012,Consumption,1
DJI,National,2013,Consumption,2
DJI,National,2017,Consumption,3
DNK,National,2003,Income,0
DNK,National,2004,Income,0
DNK,National,2005,Income,0
DNK,National,2006,Income,0
DNK,National,2007,Income,0
DNK,National,2008,Income,0
DNK,National,2009,Income,0
DNK,National,2010,Income,0
DNK,National,2011,Income,0
DNK,National,2012,Income,0
DNK,National,2013,Income,0
DNK,National,2014,Income,0
DNK,National,2015,Income,0
DOM,National,1986,Income,0
DOM,National,1989,Income,1
DOM,National,1992,Income,2
DOM,National,1996,Income,3
DOM,National,1997,Income,3
DOM,National,2000,Income,3
DOM,National,2001,Income,4
DOM,National,2002,Income,4
DOM,National,2003,Income,4
DOM,National,2004,Income,4
DOM,National,2005,Income,5
DOM,National,2006,Income,5
DOM,National,2007,Income,5
DOM,National,2008,Income,5
DOM,National,2009,Income,5
DOM,National,2010,Income,5
DOM,National,2011,Income,5
DOM,National,2012,Income,5
DOM,National,2013,Income,5
DOM,National,2014,Income,5
DOM,National,2015,Income,5
DOM,National,2016,Income,5
DZA,National,1988,Consumption,0
DZA,National,1995,Consumption,1
DZA,National,2011,Consumption,2
ECU,National,1987,Income,0
ECU,National,1994,Income,1
ECU,Urban,1995,Income,2
ECU,National,1998,Income,3
ECU,National,1999,Income,3
ECU,National,2000,Income,4
ECU,National,2003,Income,4
ECU,National,2004,Income,4
ECU,National,2005,Income,4
ECU,National,2006,Income,4
ECU,National,2007,Income,5
ECU,National,2008,Income,5
ECU,National,2009,Income,5
ECU,National,2010,Income,5
ECU,National,2011,Income,5
ECU,National,2012,Income,5
ECU,National,2013,Income,5
ECU,National,2014,Income,5
ECU,National,2015,Income,5
ECU,National,2016,Income,5
ECU,National,2017,Income,5
EGY,National,1990,Consumption,0
EGY,National,1995,Consumption,0
EGY,National,1999,Consumption,1
EGY,National,2004,Consumption,2
EGY,National,2008,Consumption,2
EGY,National,2010,Consumption,3
EGY,National,2012,Consumption,3
EGY,National,2015,Consumption,3
ESP,National,2003,Income,0
ESP,National,2004,Income,0
ESP,National,2005,Income,0
ESP,National,2006,Income,0
ESP,National,2007,Income,0
ESP,National,2008,Income,0
ESP,National,2009,Income,0
ESP,National,2010,Income,0
ESP,National,2011,Income,0
ESP,National,2012,Income,0
ESP,National,2013,Income,0
ESP,National,2014,Income,0
ESP,National,2015,Income,0
EST,National,1993,Income,0
EST,National,1995,Consumption,1
EST,National,1998,Consumption,1
EST,National,2000,Consumption,2
EST,National,2001,Consumption,2
EST,National,2002,Consumption,2
EST,National,2003,Consumption,2
EST,National,2003,Income,3
EST,National,2004,Consumption,2
EST,National,2004,Income,3
EST,National,2005,Income,3
EST,National,2006,Income,3
EST,National,2007,Income,3
EST,National,2008,Income,3
EST,National,2009,Income,3
EST,National,2010,Income,3
EST,National,2011,Income,3
EST,National,2012,Income,3
EST,National,2013,Income,3
EST,National,2014,Income,3
EST,National,2015,Income,3
ETH,Rural,1981,Consumption,0
ETH,National,1995,Consumption,1
ETH,National,1999,Consumption,1
ETH,National,2004,Consumption,1
ETH,National,2010,Consumption,1
ETH,National,2015,Consumption,1
FIN,National,2003,Income,0
FIN,National,2004,Income,0
FIN,National,2005,Income,0
FIN,National,2006,Income,0
FIN,National,2007,Income,0
FIN,National,2008,Income,0
FIN,National,2009,Income,0
FIN,National,2010,Income,0
FIN,National,2011,Income,0
FIN,National,2012,Income,0
FIN,National,2013,Income,0
FIN,National,2014,Income,0
FIN,National,2015,Income,0
FJI,National,2002,Consumption,0
FJI,National,2008,Consumption,0
FJI,National,2013,Consumption,0
FRA,National,2003,Income,0
FRA,National,2004,Income,0
FRA,National,2005,Income,0
FRA,National,2006,Income,0
FRA,National,2007,Income,0
FRA,National,2008,Income,0
FRA,National,2009,Income,0
FRA,National,2010,Income,0
FRA,National,2011,Income,0
FRA,National,2012,Income,0
FRA,National,2013,Income,0
FRA,National,2014,Income,0
FRA,National,2015,Income,0
FSM,Urban,2000,Income,0
FSM,National,2005,Consumption,1
FSM,National,2013,Consumption,2
GAB,National,2005,Consumption,0
GAB,National,2017,Consumption,1
GBR,National,2004,Income,0
GBR,National,2005,Income,0
GBR,National,2006,Income,0
GBR,National,2007,Income,0
GBR,National,2008,Income,0
GBR,National,2009,Income,0
GBR,National,2010,Income,0
GBR,National,2011,Income,0
GBR,National,2012,Income,0
GBR,National,2013,Income,0
GBR,National,2014,Income,0
GBR,National,2015,Income,0
GEO,National,1996,Consumption,0
GEO,National,1997,Consumption,1
GEO,National,1998,Consumption,2
GEO,National,1999,Consumption,2
GEO,National,2000,Consumption,2
GEO,National,2001,Consumption,2
GEO,National,2002,Consumption,2
GEO,National,2003,Consumption,2
GEO,National,2004,Consumption,2
GEO,National,2005,Consumption,2
GEO,National,2006,Consumption,2
GEO,National,2007,Consumption,2
GEO,National,2008,Consumption,2
GEO,National,2009,Consumption,2
GEO,National,2010,Consumption,2
GEO,National,2011,Consumption,2
GEO,National,2012,Consumption,2
GEO,National,2013,Consumption,2
GEO,National,2014,Consumption,2
GEO,National,2015,Consumption,2
GEO,National,2016,Consumption,2
GEO,National,2017,Consumption,2
GHA,National,1987,Consumption,0
GHA,National,1988,Consumption,0
GHA,National,1991,Consumption,1
GHA,National,1998,Consumption,1
GHA,National,2005,Consumption,1
GHA,National,2012,Consumption,1
GHA,National,2016,Consumption,1
GIN,National,1991,Consumption,0
GIN,National,1994,Consumption,1
GIN,National,2002,Consumption,2
GIN,National,2007,Consumption,3
GIN,National,2012,Consumption,3
GMB,National,1998,Consumption,0
GMB,National,2003,Consumption,1
GMB,National,2010,Consumption,2
GMB,National,2015,Consumption,2
GNB,National,1991,Consumption,0
GNB,National,1993,Consumption,1
GNB,National,2002,Consumption,2
GNB,National,2010,Consumption,3
GRC,National,2003,Income,0
GRC,National,2004,Income,0
GRC,National,2005,Income,0
GRC,National,2006,Income,0
GRC,National,2007,Income,0
GRC,National,2008,Income,0
GRC,National,2009,Income,0
GRC,National,2010,Income,0
GRC,National,2011,Income,0
GRC,National,2012,Income,0
GRC,National,2013,Income,0
GRC,National,2014,Income,0
GRC,National,2015,Income,0
GTM,National,1986,Income,0
GTM,National,1989,Income,0
GTM,National,1998,Income,1
GTM,National,2000,Income,2
GTM,National,2006,Income,2
GTM,National,2014,Income,2
GUY,National,1992,Income,0
GUY,National,1998,Income,0
HND,Urban,1986,Income,0
HND,National,1989,Income,1
HND,National,1990,Income,2
HND,National,1991,Income,3
HND,National,1992,Income,3
HND,National,1993,Income,3
HND,National,1994,Income,3
HND,National,1995,Income,3
HND,National,1996,Income,3
HND,National,1997,Income,3
HND,National,1998,Income,3
HND,National,1999,Income,3
HND,National,2001,Income,4
HND,National,2002,Income,4
HND,National,2003,Income,4
HND,National,2004,Income,4
HND,National,2005,Income,4
HND,National,2006,Income,4
HND,National,2007,Income,4
HND,National,2008,Income,4
HND,National,2009,Income,4
HND,National,2010,Income,4
HND,National,2011,Income,4
HND,National,2012,Income,4
HND,National,2013,Income,4
HND,National,2014,Income,4
HND,National,2015,Income,4
HND,National,2016,Income,4
HND,National,2017,Income,4
HRV,National,1988,Income,0
HRV,National,1998,Consumption,1
HRV,National,1999,Consumption,2
HRV,National,2000,Consumption,2
HRV,National,2001,Consumption,2
HRV,National,2004,Consumption,1
HRV,National,2008,Consumption,1
HRV,National,2009,Consumption,1
HRV,National,2009,Income,3
HRV,National,2010,Consumption,1
HRV,National,2010,Income,3
HRV,National,2011,Income,3
HRV,National,2012,Income,3
HRV,National,2013,Income,3
HRV,National,2014,Income,3
HRV,National,2015,Income,3
HTI,National,2001,Income,0
HTI,National,2012,Consumption,1
HTI,National,2012,Income,1
HUN,National,1987,Income,0
HUN,National,1989,Income,0
HUN,National,1993,Income,0
HUN,National,1998,Consumption,1
HUN,National,1999,Consumption,1
HUN,National,2000,Consumption,1
HUN,National,2001,Consumption,1
HUN,National,2002,Consumption,1
HUN,National,2003,Consumption,1
HUN,National,2004,Consumption,1
HUN,National,2004,Income,2
HUN,National,2005,Consumption,1
HUN,National,2005,Income,2
HUN,National,2006,Consumption,1
HUN,National,2006,Income,2
HUN,National,2007,Consumption,1
HUN,National,2007,Income,2
HUN,National,2008,Income,2
HUN,National,2009,Income,2
HUN,National,2010,Income,2
HUN,National,2011,Income,2
HUN,National,2012,Income,2
HUN,National,2013,Income,2
HUN,National,2014,Income,2
HUN,National,2015,Income,2
IDN,Rural,1984,Consumption,0
IDN,Urban,1984,Consumption,0
IDN,National (Aggregate),1984,Consumption,0
IDN,Rural,1987,Consumption,0
IDN,Urban,1987,Consumption,0
IDN,National (Aggregate),1987,Consumption,0
IDN,Rural,1990,Consumption,0
IDN,Urban,1990,Consumption,0
IDN,National (Aggregate),1990,Consumption,0
IDN,Rural,1993,Consumption,1
IDN,Urban,1993,Consumption,1
IDN,National (Aggregate),1993,Consumption,1
IDN,Rural,1996,Consumption,1
IDN,Urban,1996,Consumption,1
IDN,National (Aggregate),1996,Consumption,1
IDN,Rural,1998,Consumption,1
IDN,Urban,1998,Consumption,1
IDN,National (Aggregate),1998,Consumption,1
IDN,Rural,1999,Consumption,1
IDN,Urban,1999,Consumption,1
IDN,National (Aggregate),1999,Consumption,1
IDN,Rural,2000,Consumption,2
IDN,Urban,2000,Consumption,2
IDN,National (Aggregate),2000,Consumption,2
IDN,Rural,2001,Consumption,2
IDN,Urban,2001,Consumption,2
IDN,National (Aggregate),2001,Consumption,2
IDN,Rural,2002,Consumption,2
IDN,Urban,2002,Consumption,2
IDN,National (Aggregate),2002,Consumption,2
IDN,Rural,2003,Consumption,2
IDN,Urban,2003,Consumption,2
IDN,National (Aggregate),2003,Consumption,2
IDN,Rural,2004,Consumption,2
IDN,Urban,2004,Consumption,2
IDN,National (Aggregate),2004,Consumption,2
IDN,Rural,2005,Consumption,3
IDN,Urban,2005,Consumption,3
IDN,National (Aggregate),2005,Consumption,3
IDN,Rural,2006,Consumption,3
IDN,Urban,2006,Consumption,3
IDN,National (Aggregate),2006,Consumption,3
IDN,Rural,2007,Consumption,3
IDN,Urban,2007,Consumption,3
IDN,National (Aggregate),2007,Consumption,3
IDN,Rural,2008,Consumption,3
IDN,Urban,2008,Consumption,3
IDN,National (Aggregate),2008,Consumption,3
IDN,Rural,2009,Consumption,3
IDN,Urban,2009,Consumption,3
IDN,National (Aggregate),2009,Consumption,3
IDN,Rural,2010,Consumption,3
IDN,Urban,2010,Consumption,3
IDN,National (Aggregate),2010,Consumption,3
IDN,Rural,2011,Consumption,4
IDN,Urban,2011,Consumption,4
IDN,National (Aggregate),2011,Consumption,4
IDN,Rural,2012,Consumption,4
IDN,Urban,2012,Consumption,4
IDN,National (Aggregate),2012,Consumption,4
IDN,Rural,2013,Consumption,4
IDN,Urban,2013,Consumption,4
IDN,National (Aggregate),2013,Consumption,4
IDN,Rural,2014,Consumption,4
IDN,Urban,2014,Consumption,4
IDN,National (Aggregate),2014,Consumption,4
IDN,Rural,2015,Consumption,5
IDN,Urban,2015,Consumption,5
IDN,National (Aggregate),2015,Consumption,5
IDN,Rural,2016,Consumption,5
IDN,Urban,2016,Consumption,5
IDN,National (Aggregate),2016,Consumption,5
IDN,Rural,2017,Consumption,5
IDN,Urban,2017,Consumption,5
IDN,National (Aggregate),2017,Consumption,5
IND,Rural,1977,Consumption,
IND,Urban,1977,Consumption,
IND,National (Aggregate),1977,Consumption,
IND,Rural,1983,Consumption,0
IND,Urban,1983,Consumption,0
IND,National (Aggregate),1983,Consumption,0
IND,Rural,1987,Consumption,1
IND,Urban,1987,Consumption,1
IND,National (Aggregate),1987,Consumption,1
IND,Rural,1993,Consumption,2
IND,Urban,1993,Consumption,2
IND,National (Aggregate),1993,Consumption,2
IND,Rural,2004,Consumption,2
IND,Urban,2004,Consumption,2
IND,National (Aggregate),2004,Consumption,2
IND,Rural,2009,Consumption,2
IND,Urban,2009,Consumption,2
IND,National (Aggregate),2009,Consumption,2
IND,Rural,2011,Consumption,2
IND,Urban,2011,Consumption,2
IND,National (Aggregate),2011,Consumption,2
IRL,National,2003,Income,0
IRL,National,2004,Income,0
IRL,National,2005,Income,0
IRL,National,2006,Income,0
IRL,National,2007,Income,0
IRL,National,2008,Income,0
IRL,National,2009,Income,0
IRL,National,2010,Income,0
IRL,National,2011,Income,0
IRL,National,2012,Income,0
IRL,National,2013,Income,0
IRL,National,2014,Income,0
IRL,National,2015,Income,0
IRN,National,1986,Consumption,0
IRN,National,1990,Consumption,0
IRN,National,1994,Consumption,0
IRN,National,1998,Consumption,0
IRN,National,2005,Consumption,1
IRN,National,2006,Consumption,1
IRN,National,2009,Consumption,1
IRN,National,2013,Consumption,1
IRN,National,2014,Consumption,1
IRN,National,2015,Consumption,1
IRN,National,2016,Consumption,1
IRQ,National,2006,Consumption,0
IRQ,National,2012,Consumption,0
ISL,National,2003,Income,0
ISL,National,2004,Income,0
ISL,National,2005,Income,0
ISL,National,2006,Income,0
ISL,National,2007,Income,0
ISL,National,2008,Income,0
ISL,National,2009,Income,0
ISL,National,2010,Income,0
ISL,National,2011,Income,0
ISL,National,2012,Income,0
ISL,National,2013,Income,0
ISL,National,2014,Income,0
ISR,National,1979,Income,0
ISR,National,1986,Income,0
ISR,National,1992,Income,0
ISR,National,1997,Income,0
ISR,National,2001,Income,0
ISR,National,2005,Income,0
ISR,National,2007,Income,0
ISR,National,2010,Income,0
ISR,National,2012,Income,0
ISR,National,2014,Income,0
ISR,National,2016,Income,0
ITA,National,2003,Income,0
ITA,National,2004,Income,0
ITA,National,2005,Income,0
ITA,National,2006,Income,0
ITA,National,2007,Income,0
ITA,National,2008,Income,0
ITA,National,2009,Income,0
ITA,National,2010,Income,0
ITA,National,2011,Income,0
ITA,National,2012,Income,0
ITA,National,2013,Income,0
ITA,National,2014,Income,0
ITA,National,2015,Income,0
JAM,National,1988,Consumption,0
JAM,National,1990,Consumption,1
JAM,National,1993,Consumption,0
JAM,National,1996,Consumption,1
JAM,National,1999,Consumption,1
JAM,National,2002,Consumption,1
JAM,National,2004,Consumption,1
JOR,National,1986,Consumption,0
JOR,National,1992,Consumption,0
JOR,National,1997,Consumption,0
JOR,National,2002,Consumption,1
JOR,National,2006,Consumption,2
JOR,National,2008,Consumption,3
JOR,National,2010,Consumption,3
JPN,National,2008,Income,0
KAZ,National,1993,Income,0
KAZ,National,1996,Consumption,1
KAZ,National,2001,Consumption,2
KAZ,National,2002,Consumption,2
KAZ,National,2003,Consumption,2
KAZ,National,2004,Consumption,2
KAZ,National,2005,Consumption,3
KAZ,National,2006,Consumption,3
KAZ,National,2007,Consumption,3
KAZ,National,2008,Consumption,3
KAZ,National,2009,Consumption,3
KAZ,National,2010,Consumption,3
KAZ,National,2011,Consumption,3
KAZ,National,2012,Consumption,3
KAZ,National,2013,Consumption,3
KAZ,National,2014,Consumption,3
KAZ,National,2015,Consumption,3
KAZ,National,2016,Consumption,3
KAZ,National,2017,Consumption,3
KEN,National,1992,Consumption,0
KEN,National,1994,Consumption,1
KEN,National,1997,Consumption,2
KEN,National,2005,Consumption,3
KEN,National,2015,Consumption,3
KGZ,National,1998,Consumption,1
KGZ,National,2000,Consumption,1
KGZ,National,2001,Consumption,1
KGZ,National,2002,Consumption,1
KGZ,National,2003,Consumption,1
KGZ,National,2004,Consumption,2
KGZ,National,2005,Consumption,2
KGZ,National,2006,Consumption,2
KGZ,National,2007,Consumption,2
KGZ,National,2008,Consumption,2
KGZ,National,2009,Consumption,2
KGZ,National,2010,Consumption,2
KGZ,National,2011,Consumption,2
KGZ,National,2012,Consumption,2
KGZ,National,2013,Consumption,2
KGZ,National,2014,Consumption,2
KGZ,National,2015,Consumption,2
KGZ,National,2016,Consumption,2
KGZ,National,2017,Consumption,2
KIR,National,2006,Consumption,0
KOR,National,2006,Income,0
KOR,National,2008,Income,0
KOR,National,2010,Income,0
KOR,National,2012,Income,0
LAO,National,1992,Consumption,0
LAO,National,1997,Consumption,0
LAO,National,2002,Consumption,0
LAO,National,2007,Consumption,0
LAO,National,2012,Consumption,0
LBN,National,2011,Consumption,0
LBR,National,2007,Consumption,0
LBR,National,2014,Consumption,1
LBR,National,2016,Consumption,1
LCA,National,1995,Income,0
LCA,National,2016,Income,1
LKA,National,1985,Consumption,0
LKA,National,1990,Consumption,1
LKA,National,1995,Consumption,2
LKA,National,2002,Consumption,3
LKA,National,2006,Consumption,3
LKA,National,2009,Consumption,3
LKA,National,2012,Consumption,3
LKA,National,2016,Consumption,3
LSO,National,1986,Consumption,0
LSO,National,1994,Consumption,1
LSO,National,2002,Consumption,2
LSO,National,2010,Consumption,3
LTU,National,1993,Income,0
LTU,National,1996,Consumption,1
LTU,National,1998,Consumption,2
LTU,National,1999,Consumption,2
LTU,National,2000,Consumption,2
LTU,National,2001,Consumption,2
LTU,National,2002,Consumption,2
LTU,National,2003,Consumption,2
LTU,National,2004,Consumption,2
LTU,National,2004,Income,3
LTU,National,2005,Income,3
LTU,National,2006,Income,3
LTU,National,2007,Income,3
LTU,National,2008,Consumption,2
LTU,National,2008,Income,3
LTU,National,2009,Income,3
LTU,National,2010,Income,3
LTU,National,2011,Income,3
LTU,National,2012,Income,3
LTU,National,2013,Income,3
LTU,National,2014,Income,3
LTU,National,2015,Income,3
LUX,National,2003,Income,0
LUX,National,2004,Income,0
LUX,National,2005,Income,0
LUX,National,2006,Income,0
LUX,National,2007,Income,0
LUX,National,2008,Income,0
LUX,National,2009,Income,0
LUX,National,2010,Income,0
LUX,National,2011,Income,0
LUX,National,2012,Income,0
LUX,National,2013,Income,0
LUX,National,2014,Income,0
LUX,National,2015,Income,0
LVA,National,1993,Income,0
LVA,National,1995,Income,0
LVA,National,1996,Income,0
LVA,National,1997,Consumption,1
LVA,National,1998,Consumption,1
LVA,National,2002,Consumption,1
LVA,National,2003,Consumption,1
LVA,National,2004,Consumption,1
LVA,National,2004,Income,2
LVA,National,2005,Income,2
LVA,National,2006,Income,2
LVA,National,2007,Consumption,1
LVA,National,2007,Income,2
LVA,National,2008,Consumption,1
LVA,National,2008,Income,2
LVA,National,2009,Consumption,1
LVA,National,2009,Income,2
LVA,National,2010,Income,2
LVA,National,2011,Income,2
LVA,National,2012,Income,2
LVA,National,2013,Income,2
LVA,National,2014,Income,2
LVA,National,2015,Income,2
MAR,National,1984,Consumption,0
MAR,National,1990,Consumption,0
MAR,National,1998,Consumption,0
MAR,National,2000,Consumption,1
MAR,National,2006,Consumption,1
MAR,National,2013,Consumption,1
MDA,National,1997,Consumption,0
MDA,National,1998,Consumption,0
MDA,National,1999,Consumption,0
MDA,National,2000,Consumption,0
MDA,National,2001,Consumption,0
MDA,National,2002,Consumption,0
MDA,National,2003,Consumption,0
MDA,National,2004,Consumption,0
MDA,National,2005,Consumption,1
MDA,National,2006,Consumption,2
MDA,National,2007,Consumption,2
MDA,National,2008,Consumption,2
MDA,National,2009,Consumption,2
MDA,National,2010,Consumption,2
MDA,National,2011,Consumption,2
MDA,National,2012,Consumption,2
MDA,National,2013,Consumption,2
MDA,National,2014,Consumption,2
MDA,National,2015,Consumption,2
MDA,National,2016,Consumption,2
MDA,National,2017,Consumption,2
MDG,National,1980,Consumption,0
MDG,National,1993,Consumption,1
MDG,National,1997,Consumption,2
MDG,National,1999,Consumption,2
MDG,National,2001,Consumption,3
MDG,National,2005,Consumption,3
MDG,National,2010,Consumption,3
MDG,National,2012,Consumption,3
MDV,National,2002,Consumption,0
MDV,National,2009,Consumption,1
MEX,National,1984,Consumption,0
MEX,National,1989,Income,0
MEX,National,1992,Consumption,
MEX,National,1992,Income,0
MEX,National,1994,Consumption,
MEX,National,1994,Income,0
MEX,National,1996,Consumption,
MEX,National,1996,Income,0
MEX,National,1998,Consumption,
MEX,National,1998,Income,0
MEX,National,2000,Consumption,
MEX,National,2000,Income,0
MEX,National,2002,Consumption,
MEX,National,2002,Income,0
MEX,National,2004,Consumption,
MEX,National,2004,Income,0
MEX,National,2005,Consumption,
MEX,National,2005,Income,0
MEX,National,2006,Consumption,
MEX,National,2006,Income,0
MEX,National,2008,Consumption,
MEX,National,2008,Income,0
MEX,National,2010,Consumption,
MEX,National,2010,Income,0
MEX,National,2012,Consumption,
MEX,National,2012,Income,0
MEX,National,2014,Consumption,
MEX,National,2014,Income,0
MEX,National,2016,Consumption,
MEX,National,2016,Income,1
MKD,National,1998,Consumption,0
MKD,National,2000,Consumption,1
MKD,National,2002,Consumption,1
MKD,National,2003,Consumption,1
MKD,National,2004,Consumption,1
MKD,National,2005,Consumption,1
MKD,National,2006,Consumption,1
MKD,National,2008,Consumption,1
MKD,National,2009,Income,2
MKD,National,2010,Income,2
MKD,National,2011,Income,2
MKD,National,2012,Income,2
MKD,National,2013,Income,2
MKD,National,2014,Income,2
MKD,National,2015,Income,2
MLI,National,1994,Consumption,0
MLI,National,2001,Consumption,1
MLI,National,2006,Consumption,2
MLI,National,2009,Consumption,2
MLT,National,2006,Income,0
MLT,National,2007,Income,0
MLT,National,2008,Income,0
MLT,National,2009,Income,0
MLT,National,2010,Income,0
MLT,National,2011,Income,0
MLT,National,2012,Income,0
MLT,National,2013,Income,0
MLT,National,2014,Income,0
MLT,National,2015,Income,0
MMR,National,2015,Consumption,0
MNE,National,2005,Consumption,0
MNE,National,2006,Consumption,0
MNE,National,2007,Consumption,0
MNE,National,2008,Consumption,0
MNE,National,2009,Consumption,0
MNE,National,2010,Consumption,0
MNE,National,2011,Consumption,0
MNE,National,2012,Consumption,0
MNE,National,2013,Consumption,0
MNE,National,2014,Consumption,0
MNG,National,1995,Consumption,0
MNG,National,1998,Consumption,0
MNG,National,2002,Consumption,1
MNG,National,2007,Consumption,2
MNG,National,2010,Consumption,3
MNG,National,2011,Consumption,3
MNG,National,2012,Consumption,3
MNG,National,2014,Consumption,3
MNG,National,2016,Consumption,3
MOZ,National,1996,Consumption,0
MOZ,National,2002,Consumption,0
MOZ,National,2008,Consumption,0
MOZ,National,2014,Consumption,0
MRT,National,1987,Consumption,0
MRT,National,1993,Consumption,1
MRT,National,1995,Consumption,2
MRT,National,2000,Consumption,3
MRT,National,2004,Consumption,3
MRT,National,2008,Consumption,3
MRT,National,2014,Consumption,3
MUS,National,2006,Consumption,0
MUS,National,2012,Consumption,0
MWI,National,1997,Consumption,0
MWI,National,2004,Consumption,1
MWI,National,2010,Consumption,1
MWI,National,2016,Consumption,1
MYS,National,1984,Income,0
MYS,National,1987,Income,0
MYS,National,1989,Income,0
MYS,National,1992,Income,0
MYS,National,1995,Income,0
MYS,National,1997,Income,0
MYS,National,2004,Income,1
MYS,National,2007,Income,1
MYS,National,2008,Income,1
MYS,National,2011,Income,1
MYS,National,2013,Income,1
MYS,National,2015,Income,1
NAM,National,1993,Income,0
NAM,National,2003,Consumption,1
NAM,National,2009,Consumption,1
NAM,National,2015,Consumption,1
NER,National,1992,Consumption,0
NER,National,1994,Consumption,1
NER,National,2005,Consumption,2
NER,National,2007,Consumption,3
NER,National,2011,Consumption,4
NER,National,2014,Consumption,4
NGA,National,1985,Consumption,0
NGA,National,1992,Consumption,1
NGA,National,1996,Consumption,2
NGA,National,2003,Consumption,3
NGA,National,2009,Consumption,3
NIC,National,1993,Consumption,
NIC,National,1993,Income,0
NIC,National,1998,Consumption,
NIC,National,1998,Income,0
NIC,National,2001,Consumption,
NIC,National,2001,Income,0
NIC,National,2005,Consumption,
NIC,National,2005,Income,1
NIC,National,2009,Income,1
NIC,National,2014,Income,1
NLD,National,2004,Income,0
NLD,National,2005,Income,0
NLD,National,2006,Income,0
NLD,National,2007,Income,0
NLD,National,2008,Income,0
NLD,National,2009,Income,0
NLD,National,2010,Income,0
NLD,National,2011,Income,0
NLD,National,2012,Income,0
NLD,National,2013,Income,0
NLD,National,2014,Income,0
NLD,National,2015,Income,0
NOR,National,2003,Income,0
NOR,National,2004,Income,0
NOR,National,2005,Income,0
NOR,National,2006,Income,0
NOR,National,2007,Income,0
NOR,National,2008,Income,0
NOR,National,2009,Income,0
NOR,National,2010,Income,0
NOR,National,2011,Income,0
NOR,National,2012,Income,0
NOR,National,2013,Income,0
NOR,National,2014,Income,0
NOR,National,2015,Income,0
NPL,National,1984,Income,0
NPL,National,1995,Consumption,1
NPL,National,2003,Consumption,1
NPL,National,2010,Consumption,2
PAK,National,1987,Consumption,0
PAK,National,1990,Consumption,0
PAK,National,1996,Consumption,0
PAK,National,1998,Consumption,0
PAK,National,2001,Consumption,0
PAK,National,2004,Consumption,1
PAK,National,2005,Consumption,1
PAK,National,2007,Consumption,1
PAK,National,2010,Consumption,1
PAK,National,2011,Consumption,1
PAK,National,2013,Consumption,1
PAK,National,2015,Consumption,1
PAN,National,1979,Income,0
PAN,National,1989,Income,1
PAN,National,1991,Income,2
PAN,National,1995,Income,3
PAN,National,1997,Income,3
PAN,National,1998,Income,3
PAN,National,1999,Income,3
PAN,National,2000,Income,3
PAN,National,2001,Income,4
PAN,National,2002,Income,4
PAN,National,2003,Income,4
PAN,National,2004,Income,4
PAN,National,2005,Income,4
PAN,National,2006,Income,4
PAN,National,2007,Income,4
PAN,National,2008,Income,5
PAN,National,2009,Income,5
PAN,National,2010,Income,5
PAN,National,2011,Income,5
PAN,National,2012,Income,5
PAN,National,2013,Income,5
PAN,National,2014,Income,5
PAN,National,2015,Income,5
PAN,National,2016,Income,5
PAN,National,2017,Income,5
PER,National,1985,Consumption,0
PER,National,1994,Consumption,0
PER,National,1997,Income,1
PER,National,1998,Income,1
PER,National,1999,Income,1
PER,National,2000,Income,2
PER,National,2001,Income,2
PER,National,2002,Income,2
PER,National,2003,Income,2
PER,National,2004,Income,3
PER,National,2005,Income,3
PER,National,2006,Income,3
PER,National,2007,Income,3
PER,National,2008,Income,3
PER,National,2009,Income,3
PER,National,2010,Income,3
PER,National,2011,Income,3
PER,National,2012,Income,3
PER,National,2013,Income,3
PER,National,2014,Income,3
PER,National,2015,Income,3
PER,National,2016,Income,3
PER,National,2017,Income,3
PHL,National,1985,Consumption,0
PHL,National,1988,Consumption,0
PHL,National,1991,Consumption,0
PHL,National,1994,Consumption,0
PHL,National,1997,Consumption,1
PHL,National,2000,Consumption,2
PHL,National,2000,Income,2
PHL,National,2003,Consumption,3
PHL,National,2003,Income,3
PHL,National,2006,Consumption,3
PHL,National,2006,Income,3
PHL,National,2009,Consumption,3
PHL,National,2009,Income,3
PHL,National,2012,Consumption,3
PHL,National,2012,Income,3
PHL,National,2015,Consumption,3
PHL,National,2015,Income,3
PNG,National,1996,Consumption,0
PNG,National,2009,Consumption,1
POL,National,1985,Income,0
POL,National,1987,Income,0
POL,National,1989,Income,0
POL,National,1993,Consumption,1
POL,National,1996,Consumption,1
POL,National,1998,Consumption,2
POL,National,1999,Consumption,2
POL,National,2000,Consumption,2
POL,National,2001,Consumption,2
POL,National,2002,Consumption,2
POL,National,2003,Consumption,2
POL,National,2004,Consumption,2
POL,National,2004,Income,3
POL,National,2005,Consumption,2
POL,National,2005,Income,3
POL,National,2006,Consumption,2
POL,National,2006,Income,3
POL,National,2007,Consumption,2
POL,National,2007,Income,3
POL,National,2008,Consumption,2
POL,National,2008,Income,3
POL,National,2009,Consumption,2
POL,National,2009,Income,3
POL,National,2010,Consumption,2
POL,National,2010,Income,3
POL,National,2011,Consumption,2
POL,National,2011,Income,3
POL,National,2012,Consumption,2
POL,National,2012,Income,3
POL,National,2013,Consumption,2
POL,National,2013,Income,3
POL,National,2014,Consumption,2
POL,National,2014,Income,3
POL,National,2015,Consumption,2
POL,National,2015,Income,3
POL,National,2016,Consumption,2
PRT,National,2003,Income,0
PRT,National,2004,Income,0
PRT,National,2005,Income,0
PRT,National,2006,Income,0
PRT,National,2007,Income,0
PRT,National,2008,Income,0
PRT,National,2009,Income,0
PRT,National,2010,Income,0
PRT,National,2011,Income,0
PRT,National,2012,Income,0
PRT,National,2013,Income,0
PRT,National,2014,Income,0
PRT,National,2015,Income,0
PRY,National,1990,Income,0
PRY,National,1995,Income,0
PRY,National,1997,Income,1
PRY,National,1999,Income,2
PRY,National,2001,Income,3
PRY,National,2002,Income,4
PRY,National,2003,Income,5
PRY,National,2004,Income,5
PRY,National,2005,Income,5
PRY,National,2006,Income,5
PRY,National,2007,Income,5
PRY,National,2008,Income,5
PRY,National,2009,Income,5
PRY,National,2010,Income,5
PRY,National,2011,Income,5
PRY,National,2012,Income,5
PRY,National,2013,Income,5
PRY,National,2014,Income,5
PRY,National,2015,Income,5
PRY,National,2016,Income,5
PRY,National,2017,Income,5
PSE,National,2004,Consumption,0
PSE,National,2005,Consumption,0
PSE,National,2006,Consumption,0
PSE,National,2007,Consumption,0
PSE,National,2009,Consumption,0
PSE,National,2010,Consumption,0
PSE,National,2011,Consumption,0
PSE,National,2016,Consumption,0
ROU,National,1989,Income,0
ROU,National,1992,Income,0
ROU,National,1994,Income,0
ROU,National,1998,Consumption,1
ROU,National,1999,Consumption,2
ROU,National,2000,Consumption,1
ROU,National,2001,Consumption,2
ROU,National,2002,Consumption,2
ROU,National,2003,Consumption,2
ROU,National,2004,Consumption,2
ROU,National,2005,Consumption,2
ROU,National,2006,Consumption,2
ROU,National,2006,Income,3
ROU,National,2007,Consumption,2
ROU,National,2007,Income,3
ROU,National,2008,Consumption,2
ROU,National,2008,Income,3
ROU,National,2009,Consumption,2
ROU,National,2009,Income,3
ROU,National,2010,Consumption,2
ROU,National,2010,Income,3
ROU,National,2011,Consumption,2
ROU,National,2011,Income,3
ROU,National,2012,Consumption,2
ROU,National,2012,Income,3
ROU,National,2013,Consumption,2
ROU,National,2013,Income,3
ROU,National,2014,Income,3
ROU,National,2015,Income,3
ROU,National,2016,Consumption,2
RUS,National,1993,Consumption,1
RUS,National,1996,Consumption,1
RUS,National,1997,Consumption,3
RUS,National,1998,Consumption,3
RUS,National,1999,Consumption,3
RUS,National,2000,Consumption,3
RUS,National,2001,Consumption,2
RUS,National,2002,Consumption,3
RUS,National,2003,Consumption,3
RUS,National,2004,Consumption,3
RUS,National,2005,Consumption,3
RUS,National,2006,Consumption,3
RUS,National,2007,Consumption,3
RUS,National,2008,Consumption,3
RUS,National,2009,Consumption,3
RUS,National,2010,Consumption,3
RUS,National,2011,Consumption,3
RUS,National,2012,Consumption,3
RUS,National,2013,Consumption,3
RUS,National,2014,Consumption,3
RUS,National,2015,Consumption,3
RWA,National,1984,Consumption,0
RWA,National,2000,Consumption,1
RWA,National,2005,Consumption,1
RWA,National,2010,Consumption,1
RWA,National,2013,Consumption,1
RWA,National,2016,Consumption,1
SDN,National,2009,Consumption,0
SEN,National,1991,Consumption,0
SEN,National,1994,Consumption,1
SEN,National,2001,Consumption,2
SEN,National,2005,Consumption,3
SEN,National,2011,Consumption,3
SLB,National,2005,Consumption,0
SLB,National,2013,Consumption,1
SLE,National,1989,Consumption,0
SLE,National,2003,Consumption,1
SLE,National,2011,Consumption,1
SLV,National,1989,Income,0
SLV,National,1991,Income,1
SLV,National,1995,Income,1
SLV,National,1996,Income,1
SLV,National,1998,Income,1
SLV,National,1999,Income,1
SLV,National,2000,Income,1
SLV,National,2001,Income,1
SLV,National,2002,Income,1
SLV,National,2003,Income,1
SLV,National,2004,Income,1
SLV,National,2005,Income,1
SLV,National,2006,Income,1
SLV,National,2007,Income,1
SLV,National,2008,Income,1
SLV,National,2009,Income,1
SLV,National,2010,Income,1
SLV,National,2011,Income,1
SLV,National,2012,Income,1
SLV,National,2013,Income,1
SLV,National,2014,Income,1
SLV,National,2015,Income,1
SLV,National,2016,Income,1
SLV,National,2017,Income,1
SRB,National,2002,Consumption,0
SRB,National,2003,Consumption,1
SRB,National,2004,Consumption,1
SRB,National,2005,Consumption,1
SRB,National,2006,Consumption,1
SRB,National,2007,Consumption,1
SRB,National,2008,Consumption,1
SRB,National,2009,Consumption,1
SRB,National,2010,Consumption,1
SRB,National,2012,Income,2
SRB,National,2013,Consumption,1
SRB,National,2013,Income,2
SRB,National,2014,Income,2
SRB,National,2015,Consumption,1
SRB,National,2015,Income,2
SSD,National,2009,Consumption,0
STP,National,2000,Consumption,0
STP,National,2010,Consumption,1
SUR,National,1999,Income,0
SVK,National,1996,Income,0
SVK,National,2004,Consumption,1
SVK,National,2004,Income,2
SVK,National,2005,Consumption,1
SVK,National,2005,Income,2
SVK,National,2006,Consumption,1
SVK,National,2006,Income,2
SVK,National,2007,Consumption,1
SVK,National,2007,Income,2
SVK,National,2008,Consumption,1
SVK,National,2008,Income,2
SVK,National,2009,Consumption,1
SVK,National,2009,Income,2
SVK,National,2010,Income,2
SVK,National,2011,Income,2
SVK,National,2012,Income,2
SVK,National,2013,Income,2
SVK,National,2014,Income,2
SVK,National,2015,Income,2
SVN,National,1993,Income,0
SVN,National,1998,Consumption,1
SVN,National,2002,Consumption,2
SVN,National,2003,Consumption,2
SVN,National,2004,Income,3
SVN,National,2005,Income,3
SVN,National,2006,Income,3
SVN,National,2007,Income,3
SVN,National,2008,Income,3
SVN,National,2009,Income,3
SVN,National,2010,Income,3
SVN,National,2011,Income,3
SVN,National,2012,Income,3
SVN,National,2013,Income,3
SVN,National,2014,Income,3
SVN,National,2015,Income,3
SWE,National,2003,Income,0
SWE,National,2004,Income,0
SWE,National,2005,Income,0
SWE,National,2006,Income,0
SWE,National,2007,Income,0
SWE,National,2008,Income,0
SWE,National,2009,Income,0
SWE,National,2010,Income,0
SWE,National,2011,Income,0
SWE,National,2012,Income,0
SWE,National,2013,Income,0
SWE,National,2014,Income,0
SWE,National,2015,Income,0
SWZ,National,1994,Consumption,0
SWZ,National,2000,Consumption,1
SWZ,National,2009,Consumption,1
SYC,National,1999,Consumption,0
SYC,National,2006,Consumption,1
SYC,National,2013,Income,2
SYR,National,2004,Consumption,0
TCD,National,2003,Consumption,0
TCD,National,2011,Consumption,0
TGO,National,2006,Consumption,0
TGO,National,2011,Consumption,0
TGO,National,2015,Consumption,0
THA,National,1981,Consumption,0
THA,National,1988,Consumption,0
THA,National,1990,Consumption,1
THA,National,1992,Consumption,1
THA,National,1994,Consumption,1
THA,National,1996,Consumption,1
THA,National,1998,Consumption,1
THA,National,1999,Consumption,1
THA,National,2000,Consumption,2
THA,National,2002,Consumption,2
THA,National,2004,Consumption,2
THA,National,2006,Consumption,2
THA,National,2007,Consumption,2
THA,National,2008,Consumption,2
THA,National,2009,Consumption,2
THA,National,2010,Consumption,2
THA,National,2011,Consumption,2
THA,National,2012,Consumption,2
THA,National,2013,Consumption,2
THA,National,2014,Consumption,3
THA,National,2015,Consumption,3
THA,National,2016,Consumption,3
THA,National,2017,Consumption,3
TJK,National,1999,Consumption,0
TJK,National,2003,Consumption,0
TJK,National,2004,Consumption,1
TJK,National,2007,Consumption,0
TJK,National,2009,Consumption,0
TJK,National,2015,Consumption,0
TKM,National,1998,Consumption,0
TLS,National,2001,Consumption,0
TLS,National,2007,Consumption,0
TLS,National,2014,Consumption,0
TON,National,2001,Consumption,0
TON,National,2009,Consumption,1
TON,National,2015,Consumption,1
TTO,National,1988,Income,0
TTO,National,1992,Income,1
TUN,National,1985,Consumption,0
TUN,National,1990,Consumption,0
TUN,National,1995,Consumption,1
TUN,National,2000,Consumption,1
TUN,National,2005,Consumption,2
TUN,National,2010,Consumption,2
TUN,National,2015,Consumption,2
TUR,National,1987,Consumption,0
TUR,National,1994,Consumption,0
TUR,National,2002,Consumption,1
TUR,National,2003,Consumption,1
TUR,National,2004,Consumption,1
TUR,National,2005,Consumption,1
TUR,National,2006,Consumption,1
TUR,National,2007,Consumption,1
TUR,National,2008,Consumption,1
TUR,National,2009,Consumption,1
TUR,National,2010,Consumption,1
TUR,National,2011,Consumption,1
TUR,National,2012,Consumption,1
TUR,National,2013,Consumption,1
TUR,National,2014,Consumption,1
TUR,National,2015,Consumption,1
TUR,National,2016,Consumption,1
TUV,National,2010,Consumption,0
TZA,National,1991,Consumption,0
TZA,National,2000,Consumption,1
TZA,National,2007,Consumption,1
TZA,National,2011,Consumption,1
UGA,National,1989,Consumption,0
UGA,National,1992,Consumption,1
UGA,National,1996,Consumption,1
UGA,National,1999,Consumption,1
UGA,National,2002,Consumption,2
UGA,National,2005,Consumption,2
UGA,National,2009,Consumption,2
UGA,National,2012,Consumption,2
UGA,National,2016,Consumption,2
UKR,National,1992,Consumption,0
UKR,National,1993,Consumption,0
UKR,National,1995,Consumption,1
UKR,National,1996,Consumption,2
UKR,National,1999,Income,3
UKR,National,2002,Consumption,4
UKR,National,2003,Consumption,4
UKR,National,2004,Consumption,4
UKR,National,2005,Consumption,4
UKR,National,2006,Consumption,4
UKR,National,2007,Consumption,4
UKR,National,2008,Consumption,4
UKR,National,2009,Consumption,4
UKR,National,2010,Consumption,4
UKR,National,2011,Consumption,4
UKR,National,2012,Consumption,4
UKR,National,2013,Consumption,4
UKR,National,2014,Consumption,4
UKR,National,2015,Consumption,4
UKR,National,2016,Consumption,4
URY,National,1981,Income,0
URY,National,1989,Income,1
URY,Urban,1992,Income,2
URY,Urban,1995,Income,2
URY,Urban,1996,Income,2
URY,Urban,1997,Income,2
URY,Urban,1998,Income,2
URY,Urban,2000,Income,2
URY,Urban,2001,Income,2
URY,Urban,2002,Income,2
URY,Urban,2003,Income,2
URY,Urban,2004,Income,2
URY,Urban,2005,Income,2
URY,National,2006,Income,3
URY,National,2007,Income,3
URY,National,2008,Income,3
URY,National,2009,Income,3
URY,National,2010,Income,3
URY,National,2011,Income,3
URY,National,2012,Income,3
URY,National,2013,Income,3
URY,National,2014,Income,3
URY,National,2015,Income,3
URY,National,2016,Income,3
URY,National,2017,Income,3
USA,National,1979,Income,0
USA,National,1986,Income,0
USA,National,1991,Income,0
USA,National,1994,Income,0
USA,National,1997,Income,0
USA,National,2000,Income,0
USA,National,2004,Income,1
USA,National,2007,Income,1
USA,National,2010,Income,1
USA,National,2013,Income,1
USA,National,2016,Income,1
UZB,National,1998,Consumption,0
UZB,National,2000,Consumption,0
UZB,National,2002,Consumption,0
UZB,National,2003,Consumption,0
VEN,National,1981,Income,0
VEN,National,1987,Income,0
VEN,National,1989,Income,1
VEN,National,1992,Income,1
VEN,National,1995,Income,1
VEN,National,1998,Income,1
VEN,National,1999,Income,1
VEN,National,2001,Income,2
VEN,National,2002,Income,2
VEN,National,2003,Income,2
VEN,National,2004,Income,2
VEN,National,2005,Income,2
VEN,National,2006,Income,2
VNM,National,1992,Consumption,0
VNM,National,1998,Consumption,0
VNM,National,2002,Consumption,1
VNM,National,2004,Consumption,1
VNM,National,2006,Consumption,1
VNM,National,2008,Consumption,1
VNM,National,2010,Consumption,2
VNM,National,2012,Consumption,2
VNM,National,2014,Consumption,2
VNM,National,2016,Consumption,2
VUT,National,2010,Consumption,0
WSM,National,2002,Consumption,0
WSM,National,2008,Consumption,0
WSM,National,2013,Consumption,0
XKX,National,2003,Consumption,0
XKX,National,2005,Consumption,0
XKX,National,2006,Consumption,0
XKX,National,2009,Consumption,0
XKX,National,2010,Consumption,0
XKX,National,2011,Consumption,0
XKX,National,2012,Consumption,2
XKX,National,2013,Consumption,2
XKX,National,2014,Consumption,2
XKX,National,2015,Consumption,2
XKX,National,2016,Consumption,2
XKX,National,2017,Consumption,2
YEM,National,1998,Consumption,0
YEM,National,2005,Consumption,1
YEM,National,2014,Consumption,1
ZAF,National,1993,Consumption,0
ZAF,National,1996,Consumption,1
ZAF,National,2000,Consumption,2
ZAF,National,2005,Consumption,3
ZAF,National,2008,Consumption,4
ZAF,National,2010,Consumption,3
ZAF,National,2014,Consumption,3
ZMB,National,1991,Consumption,0
ZMB,National,1993,Consumption,1
ZMB,National,1996,Consumption,2
ZMB,National,1998,Consumption,3
ZMB,National,2002,Consumption,3
ZMB,National,2004,Consumption,3
ZMB,National,2006,Consumption,3
ZMB,National,2010,Consumption,4
ZMB,National,2015,Consumption,4
ZWE,National,2011,Consumption,0
